Name,Age,Salary,Purchased
Christopher,55.0,94856,Yes
Qasim,40.0,135037,Yes
Vansha,40.0,140360,Yes
Shari,39.0,83065,Yes
Advika,60.0,147322,Yes
Joe,32.0,38994,No
Stephanie,,105213,Yes
Brandi,59.0,55266,Yes
Advika,21.0,72089,No
Heather,28.0,90840,Yes
Jagat,61.0,74015,No
Kurt,50.0,43024,No
Gina,46.0,125209,Yes
Hannah,46.0,54170,Yes
Michael,33.0,33668,No
Theodore,48.0,138656,Yes
Vanya,49.0,141337,No
Suhani,22.0,104682,Yes
Robert,40.0,76662,Yes
Katherine,58.0,95275,Yes
Yug,22.0,93242,No
Sanya,22.0,140052,Yes
Christian,45.0,121360,No
David,60.0,31461,No
Mason,39.0,126407,Yes
Falak,47.0,63590,Yes
Darren,,92760,Yes
Vrinda,61.0,84204,No
Yashvi,31.0,127069,Yes
Lindsey,54.0,42734,No
David,21.0,48445,No
Stephen,32.0,140677,No
Turvi,64.0,110010,Yes
Jennifer,65.0,121110,No
Jonathan,48.0,108109,No
Tejas,44.0,120272,Yes
Chakradev,30.0,74634,Yes
Melvin,,47398,Yes
Darpan,62.0,138072,No
Urmi,31.0,125814,Yes
Bhavini,39.0,120703,Yes
Hector,60.0,48684,No
Osha,32.0,25463,Yes
Victoria,49.0,90225,Yes
Shane,20.0,104689,Yes
Nicholas,57.0,111438,No
Ijaya,25.0,103802,Yes
Pranav,55.0,61452,Yes
Allison,33.0,31411,No
Aarush,,70746,No
Chanchal,62.0,100771,Yes
Emily,25.0,31426,No
Amanda,30.0,113092,No
Yug,64.0,102983,Yes
Michael,49.0,123216,Yes
Jacob,25.0,125730,No
Azad,44.0,132513,No
Christina,55.0,33509,No
Wridesh,64.0,137644,No
Ekalinga,53.0,52504,Yes
Bahadurjit,26.0,99890,Yes
Carla,25.0,88394,Yes
Yash,65.0,62642,No
Neelima,36.0,93864,Yes
Jimmy,28.0,105516,Yes
Daksh,60.0,90239,No
Yahvi,59.0,55503,Yes
Jim,20.0,40493,No
Barbara,27.0,121661,Yes
Joel,46.0,79269,No
Timothy,60.0,52831,No
Kevin,38.0,58347,Yes
Parth,52.0,97088,No
Angela,,114893,No
Hemangini,56.0,105739,Yes
Kristi,32.0,68321,Yes
Heather,50.0,145083,No
Edward,,42793,No
Ivan,54.0,142431,No
John,46.0,146607,Yes
Charita,39.0,99048,Yes
Ubika,54.0,27453,No
Nitara,42.0,33678,Yes
Angela,21.0,69453,Yes
Lipika,30.0,99839,Yes
Aadhya,27.0,138324,Yes
Ganga,40.0,118040,No
Shivani,51.0,139956,No
Christopher,39.0,53329,Yes
Charan,43.0,127884,No
Nicholas,25.0,83166,Yes
Elijah,52.0,45195,No
Teerth,53.0,65679,Yes
Jason,26.0,132759,Yes
Kevin,28.0,51894,Yes
Siddharth,65.0,138352,Yes
Jacob,,147203,No
Robin,25.0,68684,No
Mekhala,,93233,Yes
Ekanta,21.0,100701,Yes
Oscar,33.0,67058,No
Kyle,54.0,66831,Yes
William,37.0,44571,No
Steven,59.0,98351,Yes
Kathleen,42.0,97006,No
Robin,65.0,130382,No
Lawrence,24.0,65812,Yes
Timothy,48.0,31648,No
Amol,63.0,31613,No
Angela,,80897,No
Kenneth,57.0,107505,Yes
Forum,59.0,71612,No
Ladli,65.0,124405,Yes
Xalak,49.0,99421,No
Jonathan,64.0,86377,No
Tammy,61.0,118089,Yes
Steven,34.0,43837,Yes
Gary,43.0,76390,No
Jack,41.0,128386,Yes
Bahadurjit,51.0,28966,No
Chanakya,50.0,85455,Yes
Nitara,42.0,104225,Yes
Vihaan,45.0,132158,Yes
Matthew,55.0,110124,No
Tejas,49.0,77535,Yes
Nathaniel,35.0,96820,No
Donna,24.0,69658,No
Abeer,47.0,127801,Yes
Alexander,41.0,96372,Yes
Amanda,62.0,35209,Yes
Andre,51.0,39984,Yes
Linda,55.0,37799,Yes
Hredhaan,45.0,34123,Yes
Manthan,58.0,126101,Yes
Rehaan,61.0,111529,No
Lisa,28.0,141295,Yes
Laura,20.0,124231,No
Kashvi,54.0,63207,No
Stephen,32.0,51956,Yes
Upkaar,56.0,129116,Yes
Gabriella,47.0,119082,Yes
Azad,25.0,101379,No
Nidra,45.0,136101,No
Nicholas,43.0,143105,Yes
Brian,,117190,Yes
Onveer,27.0,137885,No
Xalak,,81585,Yes
Deanna,40.0,118293,No
Ariel,54.0,52684,Yes
Brijesh,32.0,97800,No
Siddharth,46.0,45220,No
Joseph,28.0,42600,No
Avni,29.0,119547,Yes
Praneel,28.0,36097,No
Alexis,49.0,142123,Yes
Maanas,47.0,106690,No
Sarah,55.0,132488,No
Francisco,31.0,80675,Yes
Lopa,35.0,118340,Yes
Patrick,54.0,100543,No
Farhan,56.0,88342,Yes
Brian,50.0,115504,No
Jesse,53.0,137636,Yes
Harini,49.0,92757,No
Tanya,25.0,57142,No
Anthony,62.0,35234,Yes
Kristen,57.0,65959,Yes
Tracy,54.0,127043,No
Angela,50.0,100230,Yes
Ryan,38.0,62907,No
Christopher,58.0,123228,No
Lauren,36.0,33050,Yes
Fitan,56.0,31765,Yes
Eric,59.0,28578,No
Lopa,,91269,No
Michael,36.0,42372,Yes
Abdul,36.0,26861,Yes
Sean,57.0,121857,No
Curtis,31.0,59242,Yes
Rachit,31.0,129775,Yes
Shane,,36062,Yes
Dakota,29.0,134787,No
Irya,44.0,56188,Yes
Ekta,30.0,52637,Yes
Alexander,23.0,109182,No
Paul,23.0,46967,No
Xavier,50.0,122799,Yes
Lajita,34.0,74781,Yes
Liam,36.0,44025,Yes
Kevin,38.0,146532,Yes
Dustin,40.0,94501,Yes
Radhika,,145286,Yes
Robert,47.0,105017,Yes
Kirsten,41.0,60432,No
Johnathan,,110766,Yes
Warhi,63.0,123184,No
Tanvi,32.0,93151,No
Krishna,31.0,66060,Yes
Adam,24.0,26567,No
Martin,63.0,83450,No
Linda,36.0,50307,No
Scott,23.0,148011,Yes
Lisa,33.0,149582,Yes
Charita,27.0,36322,Yes
Carrie,62.0,125120,Yes
Varenya,31.0,142440,No
Gregory,38.0,86204,Yes
Tanya,,84433,Yes
Jessica,47.0,115730,Yes
Tammy,40.0,58729,No
Eshana,,126856,No
Juan,23.0,58847,Yes
Michael,48.0,34096,No
Pranit,59.0,76463,No
Triya,29.0,95861,Yes
Raksha,61.0,38926,Yes
Marie,26.0,29569,No
Nilima,36.0,126874,No
Donald,29.0,110572,Yes
John,62.0,76181,No
Pallavi,45.0,100319,No
Charles,51.0,87670,No
Brandi,24.0,95795,No
Amy,64.0,132213,Yes
Jacqueline,54.0,147557,Yes
Ikbal,39.0,77509,No
Isha,61.0,36883,No
Chaitanya,41.0,35545,Yes
Tammy,38.0,109907,No
Tammy,44.0,111603,No
Daniel,26.0,107656,Yes
Aarna,60.0,82407,Yes
Yashvi,32.0,28324,Yes
Sanaya,51.0,75956,No
Peter,39.0,90494,Yes
Hemani,48.0,27151,No
Vasudha,,128255,Yes
Chakrika,33.0,130788,Yes
Samantha,63.0,139058,Yes
Jack,57.0,55537,Yes
Ijaya,,43558,No
Matthew,,143905,Yes
Vasudha,,116920,Yes
Thomas,,107924,No
Jennifer,26.0,84793,Yes
Luis,24.0,132190,Yes
Bradley,58.0,129749,Yes
Arin,,51560,No
Deborah,63.0,77692,No
Yagnesh,56.0,96550,No
Nathaniel,33.0,125168,No
Anita,24.0,40826,No
Jesse,30.0,116264,No
Crystal,35.0,146330,Yes
Rachana,60.0,105273,No
Anthony,51.0,35580,No
Shivani,25.0,117633,Yes
Paul,46.0,115898,Yes
Samesh,64.0,41632,No
Karen,53.0,84037,No
Harsh,59.0,115659,No
Jasmit,51.0,105222,Yes
James,39.0,70593,No
Adweta,32.0,40401,Yes
Allison,59.0,72435,Yes
Candice,52.0,53740,No
Brenda,33.0,61231,No
Michael,29.0,114816,Yes
Christina,51.0,48111,No
Samantha,23.0,109523,No
Krish,36.0,68816,Yes
David,49.0,30677,No
Daryl,,95432,No
Heather,51.0,92489,No
Robert,48.0,102687,Yes
Leela,63.0,142751,No
Jacob,40.0,54855,No
Ojas,32.0,74221,Yes
Keith,,101689,No
Divya,29.0,53333,Yes
Christine,44.0,73953,No
Stephanie,60.0,72001,Yes
Derrick,28.0,29206,Yes
Tamara,,42891,No
Robert,46.0,47439,Yes
Robert,38.0,104119,No
Tracy,59.0,143695,No
Azaan,34.0,36334,No
Brinda,33.0,102539,No
Anvi,20.0,120684,No
Bhavya,35.0,67899,No
Tanvi,57.0,149027,No
Andrea,20.0,79758,Yes
Ishaan,,86689,Yes
Kimberly,47.0,94615,No
Amber,64.0,132648,No
Ridhi,25.0,98202,Yes
Pavani,46.0,149509,No
Yug,35.0,109887,Yes
Nancy,,112691,No
Shivani,56.0,122948,Yes
Michael,49.0,126165,No
Reva,31.0,128528,Yes
Warjas,65.0,108021,No
Indali,44.0,142104,Yes
Gabriel,38.0,80823,Yes
Samuel,59.0,96098,Yes
Daniel,63.0,35611,Yes
Amanda,23.0,92467,Yes
Ekiya,23.0,39544,No
Keith,22.0,72916,No
Stephanie,65.0,33782,Yes
Krishna,28.0,68899,No
Samantha,50.0,121649,Yes
Michelle,64.0,52498,Yes
Kevin,40.0,71230,Yes
Madhav,47.0,61325,No
Maria,48.0,88730,Yes
Tracy,50.0,118038,Yes
Courtney,38.0,84241,Yes
Shannon,64.0,131010,Yes
Neha,32.0,141903,Yes
Heather,,76207,Yes
Shawn,24.0,39334,No
Mark,29.0,90054,No
Girik,60.0,27974,No
Cynthia,54.0,147122,No
Melissa,48.0,121693,Yes
Jeffery,24.0,27888,Yes
Mallory,53.0,109498,No
Joseph,61.0,109679,Yes
Matthew,62.0,116339,Yes
Vedhika,49.0,64856,Yes
Patricia,39.0,47509,Yes
Chakradhar,43.0,62767,Yes
Tripti,,71284,No
Jeet,59.0,146127,No
Ridhi,31.0,47984,Yes
Aaron,62.0,129131,No
James,22.0,66500,Yes
Chasmum,43.0,49182,No
Anusha,62.0,66542,Yes
Jalsa,48.0,95761,Yes
Christopher,27.0,145643,No
Charles,29.0,149228,No
Connie,20.0,121796,Yes
Pushti,61.0,117464,No
Girish,56.0,112410,No
Tanay,48.0,69392,Yes
Christian,22.0,43274,Yes
Zilmil,21.0,77642,Yes
Albert,42.0,37121,No
Lisa,32.0,101471,Yes
Heather,37.0,50652,No
Chad,48.0,113744,Yes
Christopher,,92081,No
Harshil,58.0,104308,Yes
Michael,,112394,No
Derrick,47.0,73448,No
Luke,,70209,No
Abhiram,55.0,36481,No
Ria,46.0,130340,No
Jennifer,47.0,120499,Yes
Nisha,57.0,103372,No
Michelle,50.0,138708,Yes
Harish,57.0,124105,No
Jatin,,108729,Yes
Michael,55.0,85570,Yes
Leonard,28.0,51117,No
Yug,55.0,89302,No
Deanna,57.0,64834,No
Bhavani,34.0,28517,Yes
Charvi,39.0,108958,Yes
Zarna,61.0,112282,Yes
Manya,51.0,143855,Yes
Debbie,27.0,125233,No
Warda,24.0,103497,Yes
Daniel,56.0,82156,Yes
Danielle,50.0,115996,Yes
Advik,56.0,27299,Yes
Sarah,23.0,44154,No
Lila,28.0,71843,No
Michael,46.0,108394,Yes
Urishilla,38.0,63228,Yes
Anay,52.0,50403,Yes
Akshay,26.0,103480,Yes
Jason,40.0,133373,Yes
Mitali,37.0,114842,Yes
Courtney,54.0,101027,No
Rodney,28.0,92917,No
Christopher,46.0,69605,Yes
Arunima,33.0,45257,Yes
Dayita,55.0,105403,Yes
Yasti,54.0,118394,Yes
Nachiket,27.0,79702,No
Peter,,132327,No
Dayita,,70640,No
Jessica,48.0,141618,Yes
Dalbir,41.0,47571,Yes
Gabriel,,131767,No
Darren,64.0,43659,Yes
Dayamai,33.0,42067,Yes
Jagdish,27.0,35188,No
Laksh,47.0,30572,No
Nihal,,111479,Yes
Stephanie,,40587,Yes
Gary,,64537,Yes
Amruta,27.0,145599,Yes
Ayushman,32.0,49219,Yes
Lindsay,,44078,Yes
Alexandria,57.0,70591,No
Jennifer,59.0,56696,Yes
Watika,,132424,Yes
William,,53442,Yes
Xalak,30.0,143182,Yes
Jhalak,,120072,No
Aadhya,52.0,136581,Yes
Jack,57.0,49264,No
Yashodhara,31.0,134411,No
Chaitanya,33.0,92403,No
Yash,40.0,41202,No
Urmi,51.0,124912,No
Patrick,22.0,35780,No
Praneel,38.0,84892,Yes
Oni,48.0,54605,Yes
Ekanta,47.0,49744,Yes
Omaja,50.0,148087,Yes
Joseph,63.0,89441,Yes
Kashish,53.0,111317,Yes
Yadavi,45.0,77510,Yes
Praneel,30.0,33481,No
Zaitra,32.0,102982,Yes
Nandini,34.0,134852,No
Udyati,65.0,125397,Yes
Kiara,61.0,148630,No
Mark,58.0,149536,No
Alan,37.0,44316,Yes
Bishakha,36.0,89138,No
Jodi,28.0,28895,No
Ucchal,,33942,No
Brittany,,48474,No
Whitney,29.0,64682,Yes
Yatan,,35029,Yes
Abeer,51.0,128904,No
Andrew,51.0,89258,Yes
Cynthia,54.0,96646,No
Gautami,47.0,140359,Yes
Krisha,40.0,136787,No
Dalton,22.0,48182,Yes
Oni,39.0,140959,Yes
Susan,28.0,65954,Yes
Ati,27.0,99560,Yes
Caleb,63.0,95699,Yes
Zinal,30.0,91412,No
Jaclyn,57.0,74518,Yes
Stephen,38.0,67006,No
Girish,28.0,134698,No
Meera,57.0,28525,Yes
David,44.0,37759,No
Elaine,46.0,71041,No
Warjas,35.0,109945,No
Jose,,115176,No
Sara,41.0,47253,No
Jaclyn,49.0,111214,Yes
Louis,46.0,59946,No
Jesus,21.0,66486,No
Laban,56.0,37809,Yes
Nachiket,63.0,51988,No
Nitesh,62.0,69504,No
Steven,47.0,51444,No
David,24.0,135150,Yes
Tami,36.0,31230,No
Siya,34.0,106863,Yes
Steven,,135649,Yes
Gautam,37.0,33817,Yes
Daksha,47.0,52490,No
Tanveer,,132969,No
Eddie,47.0,111960,Yes
Ishani,45.0,57933,Yes
William,55.0,48671,Yes
Jorge,53.0,138077,No
Azaan,62.0,132991,Yes
Melissa,60.0,94824,Yes
Girindra,47.0,147504,Yes
Curtis,53.0,51299,No
Jairaj,29.0,122836,Yes
David,47.0,78773,No
Kalpit,24.0,108090,No
Nandini,38.0,109678,No
Gina,35.0,78197,No
Aashi,21.0,57189,Yes
Anthony,51.0,98377,Yes
Rudra,22.0,51475,No
Lisa,36.0,128503,Yes
Garima,31.0,109448,Yes
Brijesh,51.0,127528,No
Brent,25.0,66144,Yes
Lorraine,46.0,142541,No
Tyler,25.0,77021,Yes
Felicia,28.0,55938,No
